strain	accession	date	region	country	location
G23017	5610	2020-03-20	North America	USA	community A
G23442	7590	2020-03-28	North America	USA	community A
G23128	8083	2020-03-25	North America	USA	community A
G23330	1838	2020-03-18	North America	USA	community A
G22843	9013	2020-03-14	North America	USA	community A
G23254	2054	2020-03-27	North America	USA	community A
G23631	7695	2020-03-20	North America	USA	community A
G23335	2215	2020-03-10	North America	USA	community A
G23163	1479	2020-03-09	North America	USA	community A
G22712	5845	2020-03-28	North America	USA	community A
G22886	5532	2020-03-31	North America	USA	community A
G23556	6176	2020-03-12	North America	USA	community A
G22926	3538	2020-03-28	North America	USA	community A
G22733	5895	2020-03-20	North America	USA	community A
G23226	123	2020-03-28	North America	USA	community A
G23353	7948	2020-03-20	North America	USA	community A
G23096	8045	2020-03-28	North America	USA	community A
G22887	2306	2020-03-28	North America	USA	community A
G22770	2896	2020-03-11	North America	USA	community A
G22821	7942	2020-03-31	North America	USA	community A
G22756	339	2020-03-18	North America	USA	community A
G22734	7760	2020-03-23	North America	USA	community A
G22975	3027	2020-03-30	North America	USA	community A
G22782	7519	2020-03-10	North America	USA	community A
G23380	2363	2020-03-12	North America	USA	community A
G22902	7596	2020-03-31	North America	USA	community A
G22880	5890	2020-03-09	North America	USA	community A
G23296	7003	2020-03-20	North America	USA	community A
G22814	184	2020-03-28	North America	USA	community A
G22867	1838	2020-03-14	North America	USA	community A
G22981	9529	2020-03-25	North America	USA	community A
G23412	7621	2020-03-28	North America	USA	community A
G22929	6551	2020-03-17	North America	USA	community A
G23545	4154	2020-03-23	North America	USA	community A
G22872	8539	2020-03-12	North America	USA	community A
G23041	3722	2020-03-12	North America	USA	community A
G23075	831	2020-03-28	North America	USA	community A
G22866	5122	2020-03-28	North America	USA	community A
G23542	7197	2020-03-28	North America	USA	community B
G22850	4507	2020-03-20	North America	USA	community B
G22838	4269	2020-03-28	North America	USA	community B
G23517	5823	2020-03-25	North America	USA	community B
G23314	5104	2020-03-28	North America	USA	community B
G22921	7683	2020-03-27	North America	USA	community B
G23097	5897	2020-03-30	North America	USA	community B
G22824	2917	2020-03-02	North America	USA	community B
G23344	8250	2020-03-31	North America	USA	community B
G22682	8058	2020-03-31	North America	USA	community B
G22870	6412	2020-03-14	North America	USA	community B
G22963	4464	2020-03-11	North America	USA	community B
G23068	7918	2020-03-25	North America	USA	community B
G23641	1198	2020-03-12	North America	USA	community B
G23191	3106	2020-03-05	North America	USA	community B
G23244	9887	2020-03-19	North America	USA	community B
G22966	1817	2020-03-12	North America	USA	community B
G23461	9412	2020-03-28	North America	USA	community B
G23565	1823	2020-03-13	North America	USA	community B
G23297	850	2020-03-27	North America	USA	community B
G23500	6608	2020-03-06	North America	USA	community B
G23557	4620	2020-03-20	North America	USA	community B
G23123	2006	2020-03-30	North America	USA	community B
G23414	5646	2020-03-27	North America	USA	community B
G22749	6470	2020-03-12	North America	USA	community B
G23642	941	2020-03-28	North America	USA	community B
G22910	5311	2020-03-20	North America	USA	community B
G23102	2854	2020-03-12	North America	USA	community B
G22991	9033	2020-03-28	North America	USA	community B
G22983	675	2020-03-25	North America	USA	community B
G22742	7563	2020-03-25	North America	USA	community B
G23238	2808	2020-03-12	North America	USA	community B
G23333	4615	2020-03-10	North America	USA	community B
G23471	265	2020-03-28	North America	USA	community B
G22890	8235	2020-03-30	North America	USA	community B
G23377	3655	2020-03-15	North America	USA	community B
G22792	6551	2020-03-20	North America	USA	community B
G22763	712	2020-03-25	North America	USA	community B
G23143	3441	2020-03-28	North America	USA	community B
G22831	202	2020-03-30	North America	USA	community B
G23470	4196	2020-03-10	North America	USA	community B
G22939	4717	2020-03-28	North America	USA	community B
G23387	1721	2020-03-12	North America	USA	community B
G22958	4788	2020-03-31	North America	USA	community B
G22837	9640	2020-03-27	North America	USA	community B
G23578	4277	2020-03-31	North America	USA	community B
G22964	3849	2020-03-31	North America	USA	community B
G23383	2381	2020-03-20	North America	USA	community B
G23209	663	2020-03-28	North America	USA	community B
G22873	9607	2020-03-03	North America	USA	community B
G23486	2126	2020-03-12	North America	USA	community B
G23032	7546	2020-03-20	North America	USA	community B
G23067	165	2020-03-28	North America	USA	community B
G22854	1586	2020-03-20	North America	USA	community B
G23336	7922	2020-03-07	North America	USA	community B
G23550	7514	2020-03-18	North America	USA	community B
G23511	2114	2020-03-10	North America	USA	community B
G22990	5757	2020-03-09	North America	USA	community B
G23315	5143	2020-03-28	North America	USA	community B
G23346	110	2020-03-12	North America	USA	community B
G23052	3570	2020-03-14	North America	USA	community B
G23165	3823	2020-03-12	North America	USA	community B
G23142	1219	2020-03-30	North America	USA	community B
G23236	2337	2020-03-27	North America	USA	community B
G23122	9671	2020-03-27	North America	USA	community B
G23047	8676	2020-03-19	North America	USA	community B
G23575	9990	2020-03-08	North America	USA	community B
G23594	4546	2020-03-05	North America	USA	community B
G23211	3418	2020-03-28	North America	USA	community B
G22796	3582	2020-03-15	North America	USA	community B
G23009	3804	2020-03-27	North America	USA	community B
G23660	5936	2020-03-04	North America	USA	community B
G23356	2468	2020-03-25	North America	USA	community B
G23265	8257	2020-03-17	North America	USA	community B
